Average_Daily_Rate_USD,Airbnb_Location_Rating
7392,10
6382,6
5632,10
5000,10
4577,10
4550,10
4298,10
3925,10
3458,8
3457,9
3429,10
3304,10
2915,10
2762,9
2750,10
2748,10
2716,10
2640,7
2475,10
2377,9
2326,9
2292,10
2289,10
2200,10
2177,10
2157,10
2132,9
2052,10
2025,10
2021,9
2002,10
2000,4
1938,10
1910,2
1826,10
1825,9
1801,10
1788,10
1754,9
1750,10
1749,10
1745,10
1738,10
1721,10
1718,10
1706,10
1699,9
1640,10
1590,8
1566,9
1560,10
1558,10
1545,10
1521,10
1505,9
1492,10
1468,10
1457,9
1386,10
1375,10
1375,10
1371,9
1366,10
1360,10
1354,10
1341,10
1326,10
1324,6
1305,10
1305,9
1299,9
1289,7
1286,10
1269,10
1257,10
1254,10
1244,10
1219,10
1217,10
1210,10
1208,10
1200,10
1198,10
1194,10
1194,10
1190,9
1149,10
1145,10
1142,10
1135,10
1132,10
1122,10
1121,10
1108,10
1100,10
1089,10
1084,9
1074,9
1072,10
1070,9
1059,10
1058,10
1054,10
1050,9
1047,10
1046,9
1035,10
1035,8
1026,10
1024,9
1012,9
1009,10
1000,10
1000,10
1000,10
990,8
990,10
988,10
975,10
968,10
968,9
967,10
964,10
960,10
960,10
956,10
954,9
950,10
950,10
942,10
940,10
938,10
934,10
933,9
932,10
932,9
925,10
924,10
921,9
912,9
910,9
907,10
900,8
900,9
895,10
888,10
878,9
878,7
877,10
874,9
869,10
866,10
860,10
857,10
856,10
846,9
843,10
839,8
839,9
838,10
836,10
830,10
828,10
820,9
819,8
819,9
816,10
815,10
808,9
807,9
804,9
801,10
799,9
795,10
790,10
789,10
785,10
776,10
772,10
770,9
769,10
769,10
760,10
752,10
752,9
751,6
750,9
750,10
750,10
749,10
744,8
737,10
730,9
727,10
725,10
722,10
717,9
716,9
716,10
714,10
711,10
711,10
708,10
708,10
704,10
701,10
700,10
700,8
699,10
699,10
697,10
697,10
696,10
695,10
695,9
694,10
693,10
693,10
693,10
691,10
690,10
687,9
687,10
686,10
684,9
682,10
681,9
680,9
678,10
678,9
675,10
675,10
673,10
672,10
671,10
671,10
669,10
665,10
664,10
664,10
662,10
660,9
659,10
658,9
657,10
655,10
651,8
650,10
650,9
649,10
649,10
647,10
647,10
646,10
645,10
633,10
633,10
631,10
630,10
629,10
627,10
626,10
625,9
624,9
624,9
619,10
617,10
616,10
616,10
615,9
614,8
613,10
612,9
612,10
611,10
609,9
608,10
608,10
608,10
607,10
607,10
605,10
605,10
603,10
602,10
602,10
602,10
600,10
600,10
600,10
600,10
599,10
599,10
599,6
599,10
598,10
598,10
597,10
596,10
596,9
594,10
591,9
590,9
589,9
589,10
587,10
586,9
586,9
586,10
585,10
585,10
585,9
584,9
584,9
584,10
583,10
583,10
582,10
581,9
578,10
578,8
576,9
576,10
576,8
575,10
575,10
574,10
574,10
573,10
570,10
569,10
569,9
567,10
567,9
566,10
563,10
563,10
562,10
561,10
558,10
556,10
556,8
555,10
555,10
554,10
553,10
553,10
551,10
550,10
550,9
550,10
550,10
550,10
549,10
549,9
549,10
548,10
548,10
548,10
547,10
546,10
545,10
544,9
544,10
543,10
543,10
542,10
539,10
538,9
534,10
534,10
533,9
533,10
532,9
531,10
530,10
530,8
530,9
530,10
529,8
527,10
527,10
527,10
526,9
526,10
525,10
524,10
523,9
523,9
522,10
521,10
520,10
520,10
520,10
519,10
518,9
517,10
516,9
516,10
515,10
514,10
514,9
513,9
513,5
512,9
511,10
511,10
510,10
509,10
509,9
508,9
507,10
507,9
507,10
506,9
506,10
504,10
503,10
503,10
503,10
501,6
500,10
500,10
500,10
500,9
500,9
500,10
500,10
499,9
499,9
499,9
499,10
499,9
497,8
497,10
496,10
495,10
495,10
495,10
495,9
494,10
494,6
494,10
493,10
493,9
492,9
492,9
492,9
491,10
490,10
490,9
489,10
489,8
488,8
488,2
486,10
486,9
486,10
486,10
486,10
486,8
486,10
485,10
485,10
485,10
484,10
484,9
482,10
480,10
480,9
479,9
478,9
478,9
478,9
478,9
477,10
477,10
476,10
476,10
476,10
476,10
476,10
475,10
475,10
475,10
474,10
473,10
473,10
471,9
471,8
471,10
471,10
471,10
470,10
469,10
468,9
468,10
468,10
468,10
467,9
466,10
466,10
465,10
465,9
463,10
463,10
462,10
462,10
461,10
461,9
460,10
460,10
459,10
459,10
459,10
458,10
458,6
457,10
457,10
457,10
457,10
456,10
456,10
456,10
455,10
455,9
455,10
455,10
454,10
454,10
453,9
453,10
453,10
453,6
452,10
452,10
451,10
451,10
450,10
450,10
450,10
450,10
450,10
450,8
450,9
450,10
450,9
449,10
449,10
449,10
448,10
448,10
448,10
448,10
447,10
447,10
447,9
447,10
447,10
446,9
446,10
446,10
446,10
446,10
445,10
445,10
444,10
444,10
444,10
444,10
443,10
443,9
443,10
443,10
442,10
442,10
442,10
442,8
441,10
440,10
440,10
439,10
439,10
439,9
438,9
438,10
437,10
437,9
437,10
436,9
436,10
436,10
436,10
436,10
435,10
434,10
434,10
434,10
433,10
433,10
433,9
432,10
432,10
432,9
431,10
431,9
431,10
431,9
430,10
430,10
430,10
430,9
430,10
430,10
429,2
429,10
429,10
429,9
428,10
428,10
428,9
428,10
428,10
428,10
427,10
427,10
426,10
426,10
426,10
426,10
426,8
426,10
425,10
425,10
424,10
424,9
424,10
424,9
424,10
424,10
423,10
423,10
423,10
422,10
422,10
422,10
422,10
422,10
422,10
421,10
421,9
421,10
421,10
420,10
420,10
419,10
419,10
419,10
419,10
419,10
419,10
419,10
419,10
418,10
418,8
418,10
418,10
418,10
418,9
418,10
418,10
418,10
416,10
416,10
415,8
414,7
414,10
414,10
414,6
413,10
413,10
412,10
412,10
411,10
411,10
411,10
411,10
410,6
410,7
409,10
409,10
408,10
408,9
408,10
408,10
407,10
406,10
406,9
406,9
406,10
406,10
406,10
406,10
405,10
405,9
405,10
405,10
405,10
405,10
404,10
404,10
402,10
402,8
402,10
402,10
402,10
402,10
401,10
401,9
401,10
401,10
400,10
400,10
400,10
400,8
400,10
400,10
400,10
400,9
400,10
399,9
399,9
399,9
399,10
399,10
399,9
399,6
399,10
398,10
398,10
398,10
397,10
397,10
397,8
396,10
396,9
395,10
395,9
394,10
394,10
394,9
394,10
393,7
393,10
393,9
393,9
392,9
392,10
392,10
392,9
392,9
391,10
391,10
391,10
391,10
390,10
390,10
390,10
390,10
389,10
389,9
389,10
389,8
388,9
388,9
388,10
388,10
388,10
387,10
387,10
387,10
386,10
386,10
386,10
385,10
385,8
384,10
384,9
384,7
383,10
383,10
383,9
383,10
383,9
382,10
382,9
382,10
382,10
382,10
382,10
381,9
381,10
381,10
381,9
381,10
380,10
380,10
380,10
380,10
380,10
380,10
380,10
380,10
380,9
379,9
379,10
379,10
379,9
379,10
378,10
378,10
378,10
378,10
378,10
378,10
378,10
378,10
378,10
377,10
377,10
377,10
377,9
377,10
377,10
377,10
376,9
376,10
376,10
376,10
376,10
376,10
375,10
375,10
375,10
375,9
375,10
375,10
374,10
374,10
374,10
373,10
373,10
373,10
373,10
373,10
373,9
372,10
372,10
372,9
372,10
372,8
372,10
371,10
371,10
371,10
371,9
371,9
370,10
370,9
370,10
370,10
370,10
370,8
369,10
369,10
369,8
369,10
369,10
369,10
368,10
368,10
368,10
368,10
368,9
368,10
367,10
367,10
367,10
367,10
367,10
367,10
367,10
367,10
366,9
366,10
366,10
366,10
365,10
365,10
365,10
365,10
365,9
365,9
365,10
365,10
365,10
365,10
365,10
364,10
364,10
364,9
364,10
364,8
364,9
364,10
364,9
363,10
363,10
363,10
363,10
363,10
362,10
362,10
362,10
362,10
361,10
361,10
361,9
361,8
360,10
360,10
360,10
360,10
360,9
360,10
360,8
360,10
360,9
360,10
360,10
360,9
360,10
360,10
359,10
359,10
359,10
359,10
359,9
358,10
358,10
358,10
358,10
358,10
358,10
358,10
358,10
358,10
358,10
358,9
358,10
358,10
357,10
357,10
357,10
357,8
356,9
356,10
356,10
356,10
356,10
356,10
356,9
356,10
356,10
355,9
355,10
355,10
355,10
355,10
354,10
354,10
353,10
353,10
353,9
353,10
353,10
353,10
353,9
353,10
353,9
353,9
353,10
352,10
352,10
352,10
352,9
352,9
352,10
351,9
351,10
351,10
351,10
351,9
351,10
350,10
350,10
350,10
350,10
350,10
350,10
350,10
349,10
349,10
349,10
349,10
349,10
349,9
349,10
349,9
349,10
349,8
349,10
349,10
348,10
348,10
348,9
348,10
348,10
347,10
347,10
347,9
346,10
346,10
346,10
346,10
346,10
346,10
346,10
346,10
346,10
345,10
345,10
345,9
345,9
345,9
345,10
345,10
345,10
345,10
345,10
345,10
344,10
344,10
344,10
344,10
344,6
343,10
343,10
343,10
343,10
343,9
343,10
343,9
343,9
342,10
342,9
342,10
342,9
341,10
341,10
341,10
341,9
341,9
341,8
340,10
340,10
340,10
340,10
340,10
340,10
340,10
340,10
340,10
339,10
339,10
339,10
339,10
339,5
339,10
339,10
338,10
338,10
338,10
338,10
338,10
337,10
337,10
337,10
337,10
337,10
337,10
337,10
336,10
336,10
336,10
336,10
335,9
335,10
335,10
335,10
335,10
334,10
334,10
334,10
334,10
334,10
334,10
333,10
333,10
333,8
333,9
333,10
333,10
333,6
333,10
333,10
332,10
332,10
332,9
332,9
332,10
332,9
331,10
331,10
331,10
330,10
330,9
330,10
330,10
330,10
330,10
330,9
330,8
330,10
330,10
329,10
329,10
329,10
328,10
328,10
328,10
328,9
328,10
328,10
327,10
327,10
327,10
327,10
326,10
326,10
326,9
326,9
326,10
326,9
326,10
325,10
325,10
325,10
325,8
325,10
325,10
324,10
324,10
324,8
324,10
324,10
324,5
324,10
323,9
323,10
323,10
323,10
323,10
323,10
322,10
322,10
322,10
322,10
322,10
322,10
322,10
322,10
322,8
321,10
321,10
321,10
321,10
321,10
321,10
321,10
321,10
321,10
321,10
321,10
320,10
320,10
320,10
320,10
320,10
320,10
320,8
320,10
320,10
320,10
320,10
319,10
319,10
319,9
319,10
318,10
318,10
318,10
318,10
318,10
318,10
318,10
318,10
318,10
318,10
317,10
317,10
317,10
317,10
316,10
316,10
316,9
316,10
316,10
316,10
316,10
316,10
316,10
316,9
316,10
316,10
316,10
315,10
315,10
315,9
315,10
315,10
315,9
315,10
315,9
314,10
314,10
314,10
314,10
314,10
314,10
314,10
314,10
314,6
314,10
314,10
314,9
313,10
313,10
313,9
313,10
313,10
313,10
313,10
313,9
312,10
312,10
312,10
312,9
312,9
312,10
312,10
312,6
311,10
311,10
311,10
311,10
311,9
311,10
311,10
311,9
311,10
311,10
310,10
310,10
310,10
310,10
310,9
310,10
310,10
310,9
310,10
310,10
310,10
310,10
310,10
310,10
310,10
310,10
310,10
310,10
309,10
309,8
309,10
309,10
309,9
309,10
309,9
309,10
308,10
308,9
308,10
308,10
308,10
308,10
308,9
308,9
308,9
308,10
308,10
308,9
308,10
307,10
307,10
307,10
307,10
307,10
307,10
307,10
307,10
307,8
307,10
307,10
306,9
306,9
306,10
306,10
306,10
306,10
306,10
306,9
305,10
305,10
305,10
305,10
305,10
305,9
305,10
305,10
305,10
304,10
304,10
304,10
304,10
304,10
304,9
304,10
304,9
304,10
304,10
304,10
304,10
304,8
304,10
304,10
303,10
303,10
303,10
303,10
303,9
303,9
303,10
303,10
303,10
302,10
302,10
302,10
302,10
302,10
302,10
302,10
302,10
302,10
302,9
302,10
302,9
302,10
302,9
302,10
302,10
302,9
302,10
301,10
301,10
301,9
301,10
301,10
301,10
301,10
301,10
301,10
300,10
300,10
300,10
300,10
300,10
300,10
300,10
300,9
300,10
300,10
300,9
300,10
300,9
300,9
300,10
300,10
300,9
300,10
300,9
300,10
300,10
300,10
300,10
300,10
300,10
300,10
300,10
300,10
299,10
299,10
299,10
299,10
299,10
299,10
299,10
299,10
299,10
299,10
299,10
299,10
298,9
298,10
298,10
298,10
298,9
298,10
298,10
298,10
298,10
297,10
297,10
297,9
297,9
296,10
296,10
296,10
296,10
296,9
296,10
296,10
296,9
296,10
296,10
295,10
295,10
295,6
295,10
295,10
295,10
295,9
295,10
295,10
294,10
294,10
294,10
294,10
294,10
294,10
294,10
294,10
294,8
294,10
294,10
294,10
294,8
294,9
294,10
294,10
294,10
294,9
294,10
294,9
294,9
294,10
293,10
293,10
293,10
293,10
293,10
293,10
293,10
293,10
293,10
293,10
293,10
293,10
293,10
293,10
293,10
292,10
292,10
292,10
292,9
292,10
292,10
292,10
292,10
292,10
291,10
291,9
291,10
291,10
291,10
291,10
291,10
291,9
291,10
290,10
290,10
290,10
290,10
290,10
290,9
290,10
290,10
290,10
290,10
290,10
289,9
289,9
289,9
289,10
289,10
289,10
289,10
289,10
288,10
288,10
288,10
288,10
288,10
288,10
288,9
288,10
288,10
288,10
288,10
288,10
288,10
287,10
287,10
287,8
287,10
287,10
287,9
286,10
286,8
286,9
286,8
286,9
286,10
286,10
286,10
286,10
286,10
286,10
285,10
285,10
285,10
285,10
285,10
285,8
285,10
285,10
284,10
284,10
284,10
284,10
284,10
284,9
284,10
284,9
284,10
284,9
283,10
283,10
283,10
283,10
283,10
283,10
283,10
283,10
283,9
283,10
283,10
283,10
283,10
283,9
283,10
283,10
283,10
283,10
282,10
282,9
282,10
282,10
282,6
282,10
282,9
282,10
282,10
282,10
281,10
281,10
281,10
281,9
281,10
281,10
281,9
280,10
280,10
280,10
280,9
280,8
280,10
280,10
280,10
280,9
280,10
280,10
280,10
280,10
280,10
280,10
280,10
280,10
280,10
280,10
279,10
279,10
279,10
279,10
279,10
279,10
279,10
279,10
279,10
279,10
278,10
278,9
278,10
278,10
278,10
278,10
278,10
278,10
278,10
278,10
278,10
278,10
278,10
278,8
278,10
277,10
277,10
277,10
277,10
277,10
277,10
277,10
277,9
277,10
277,10
276,10
276,10
276,10
276,10
276,10
276,10
276,10
276,10
276,9
276,10
275,10
275,10
275,10
275,10
275,10
275,10
275,10
275,9
275,10
275,10
275,10
275,10
275,10
275,10
275,10
275,10
274,10
274,9
274,5
274,10
274,10
274,10
274,8
274,10
273,10
273,9
273,10
273,10
273,10
273,10
273,10
273,10
273,9
273,10
273,10
273,10
272,10
272,10
272,10
272,10
272,10
272,10
272,10
272,10
272,10
272,10
272,10
272,10
272,10
272,10
272,10
272,10
271,10
271,9
271,10
271,10
271,10
271,10
271,10
271,10
271,9
270,10
270,10
270,10
270,10
270,10
270,10
270,10
270,10
270,9
270,9
270,10
270,2
270,9
269,10
269,10
269,10
269,9
268,10
268,10
268,9
268,10
268,9
268,10
268,10
268,7
268,10
268,10
268,10
268,10
268,9
268,10
268,10
268,10
267,10
267,10
267,10
267,10
267,9
267,10
267,10
267,10
267,10
267,10
267,10
267,9
267,10
266,9
266,10
266,10
266,10
266,10
266,10
266,10
266,10
266,10
266,10
266,9
266,10
266,10
266,10
265,10
265,10
265,10
265,10
265,10
265,10
265,10
265,10
265,9
265,10
264,10
264,10
264,10
264,10
264,10
264,9
264,10
264,10
264,10
264,10
264,10
264,10
264,10
264,10
263,10
263,10
263,10
263,10
263,10
263,10
262,10
262,10
262,10
262,10
262,9
262,10
262,10
262,9
262,10
262,10
262,10
262,10
262,10
262,10
262,8
262,9
262,10
262,10
262,6
261,10
261,10
261,10
261,10
261,8
261,10
261,10
261,10
261,10
261,10
261,10
260,10
260,10
260,10
260,10
260,10
260,9
260,10
260,10
260,10
260,10
260,10
260,10
260,10
260,10
260,10
260,10
260,9
260,10
260,10
260,10
260,10
259,10
259,10
259,10
259,10
259,9
259,10
259,9
259,10
259,9
259,8
259,10
259,10
259,10
259,10
258,10
258,10
258,10
258,9
258,10
258,9
258,9
258,10
258,2
258,10
258,10
257,10
257,10
257,10
257,10
257,10
257,10
257,9
256,10
256,10
256,10
256,10
256,10
256,10
256,10
256,10
256,9
256,9
256,10
256,10
256,10
255,10
255,10
255,10
255,10
255,10
255,10
255,10
255,10
255,9
255,10
255,10
255,10
255,10
254,9
254,8
254,10
254,10
254,10
254,10
254,10
254,10
254,10
254,10
254,9
254,10
254,10
253,10
253,10
253,10
253,10
253,9
253,10
253,10
253,10
253,10
253,10
252,10
252,9
252,10
252,10
252,10
252,10
252,10
252,10
252,10
252,10
252,10
252,10
252,8
252,10
252,10
252,10
252,10
251,10
251,10
251,10
251,10
251,10
251,10
251,10
251,10
251,10
251,10
251,10
251,9
251,10
251,9
251,10
251,10
251,10
250,10
250,10
250,10
250,10
250,10
250,9
250,10
250,10
250,10
250,10
250,10
250,9
250,9
250,10
250,10
250,10
250,10
250,10
250,10
250,10
250,10
250,10
250,10
250,10
250,10
250,10
250,10
250,10
250,9
250,10
250,10
250,10
250,10
250,10
250,9
250,9
250,10
250,10
250,8
250,10
250,10
250,10
250,10
250,10
249,10
249,10
249,10
249,9
249,9
249,9
249,10
249,9
249,9
249,10
249,10
249,10
249,10
249,9
249,10
248,10
248,9
248,10
248,10
248,10
248,10
248,2
248,10
248,10
248,9
248,9
248,9
248,10
247,10
247,10
247,9
247,10
247,10
247,10
247,10
247,8
247,10
246,10
246,9
246,10
246,10
246,10
246,10
246,9
246,10
246,10
246,10
246,10
246,10
246,10
246,10
246,10
245,10
245,10
245,9
245,10
245,10
245,10
245,10
245,9
245,9
245,10
245,10
245,10
245,10
245,10
245,10
245,8
245,10
245,10
245,10
244,9
244,10
244,10
244,10
244,10
244,10
244,9
244,9
244,10
244,10
244,9
244,10
244,10
244,10
244,10
244,10
244,10
244,10
244,10
244,10
243,9
243,9
243,10
243,9
243,10
243,10
243,10
243,9
243,10
243,10
243,7
242,9
242,10
242,10
242,10
242,10
242,10
242,9
242,10
242,10
242,10
242,9
242,9
242,10
242,10
242,10
242,10
242,8
242,10
242,10
241,10
241,9
241,10
241,10
241,10
241,10
241,9
241,10
241,10
241,10
240,10
240,10
240,10
240,10
240,9
240,10
240,10
240,10
240,10
240,10
240,10
240,10
240,8
240,9
240,8
240,10
239,10
239,10
239,10
239,10
239,10
239,9
239,9
239,10
239,10
239,10
239,9
239,10
239,10
239,10
239,9
239,10
239,10
238,10
238,10
238,9
238,10
238,10
238,10
238,10
238,10
238,10
238,9
238,10
238,10
238,9
238,10
238,10
238,10
238,10
238,10
238,10
238,10
238,9
238,10
238,10
238,10
237,9
237,8
237,10
237,10
237,10
237,10
237,10
237,10
237,10
237,10
237,8
237,10
237,9
237,9
237,10
237,10
237,10
237,9
237,10
236,10
236,10
236,10
236,10
236,9
236,10
236,10
236,10
236,10
236,9
236,10
236,9
236,10
236,10
236,9
236,9
236,10
236,10
236,10
236,10
235,9
235,9
235,10
235,10
235,10
235,9
235,9
235,10
235,10
235,10
235,10
235,9
235,10
235,10
235,10
235,10
235,10
234,10
234,10
234,9
234,10
234,9
234,10
234,9
234,8
234,10
234,10
234,10
234,10
234,10
234,10
234,9
234,10
234,10
234,10
234,10
234,10
234,10
234,10
234,10
233,10
233,10
233,10
233,9
233,10
233,10
233,9
233,9
233,10
233,8
233,10
233,9
233,8
232,10
232,10
232,10
232,10
232,10
232,10
232,10
232,10
232,10
232,10
232,10
232,10
232,10
231,10
231,10
231,10
231,9
231,10
231,9
231,10
231,10
231,10
231,10
231,10
231,10
231,10
231,10
231,10
230,10
230,10
230,10
230,9
230,9
230,10
230,10
230,10
230,10
230,10
230,10
230,10
230,10
230,9
230,10
230,10
229,10
229,10
229,10
229,10
229,8
229,9
229,9
229,9
229,10
229,9
229,10
229,10
229,10
229,10
229,10
228,10
228,10
228,10
228,10
228,9
228,10
228,10
228,10
228,10
228,9
228,10
228,10
227,8
227,10
227,10
227,10
227,10
227,9
227,9
227,10
227,10
227,9
227,10
227,10
227,10
227,10
227,10
227,10
227,10
227,9
227,9
227,10
226,10
226,10
226,10
226,10
226,10
226,10
226,10
226,10
226,10
226,10
226,10
226,10
226,10
226,10
226,9
226,10
226,10
226,10
225,10
225,10
225,10
225,10
225,10
225,10
225,9
225,10
225,10
225,2
225,10
225,10
224,9
224,10
224,10
224,9
224,10
224,10
224,8
224,9
224,9
224,10
224,10
223,10
223,8
223,10
223,10
223,10
223,10
223,9
223,10
223,9
223,10
223,10
223,10
223,10
223,10
222,10
222,10
222,10
222,10
222,10
222,10
222,10
222,10
222,10
222,9
222,9
222,10
222,10
222,10
222,9
222,10
222,10
222,9
222,10
222,8
221,10
221,10
221,10
221,10
221,10
221,10
221,9
221,10
221,9
221,10
221,10
221,9
221,10
220,10
220,10
220,10
220,10
220,9
220,10
220,10
220,10
220,10
220,9
220,10
220,9
220,7
220,10
220,9
220,10
220,10
220,9
220,10
220,10
220,9
220,10
220,10
219,10
219,10
219,9
219,10
219,10
219,10
219,10
219,10
219,10
219,10
219,10
219,10
219,10
219,10
219,10
219,10
219,10
219,10
219,9
219,9
219,10
219,10
219,10
219,10
219,10
219,10
219,10
218,10
218,10
218,10
218,10
218,10
218,10
218,10
218,10
218,10
218,10
218,10
218,10
218,8
217,10
217,10
217,10
217,9
217,10
217,9
217,9
217,10
217,10
217,9
217,10
217,10
217,10
217,9
217,10
217,10
217,10
216,10
216,10
216,10
216,10
216,10
216,10
216,10
216,10
216,7
216,10
216,9
216,10
216,9
216,10
216,10
216,10
216,10
216,8
216,10
216,10
216,10
216,7
216,10
216,10
215,10
215,8
215,10
215,10
215,10
215,10
215,10
215,9
215,10
215,9
215,10
215,10
215,9
215,10
215,10
215,10
215,9
214,9
214,10
214,10
214,10
214,10
214,10
214,10
214,9
214,10
214,9
214,10
214,10
214,8
214,10
214,10
214,10
214,10
214,10
214,10
214,10
213,10
213,10
213,10
213,10
213,10
213,10
213,10
213,10
213,10
213,10
213,10
213,10
213,9
213,10
213,10
213,10
213,10
213,10
213,10
213,10
212,10
212,10
212,9
212,9
212,10
212,10
212,10
212,10
212,9
212,10
212,10
212,10
212,10
212,9
212,10
211,10
211,10
211,9
211,9
211,10
211,8
211,10
211,10
211,10
211,10
211,10
211,10
211,10
211,10
211,9
211,10
211,10
211,10
211,10
211,10
210,10
210,9
210,10
210,10
210,10
210,10
210,10
210,10
210,8
210,10
210,10
210,10
210,8
210,10
210,10
210,10
210,10
210,10
210,10
210,10
210,10
210,10
210,10
210,10
210,10
210,10
209,10
209,10
209,10
209,10
209,10
209,10
209,10
209,9
209,10
209,10
209,10
209,10
209,10
209,10
209,10
209,10
209,10
209,10
209,10
209,10
209,8
209,10
209,10
209,10
209,10
209,10
208,10
208,10
208,10
208,10
208,10
208,10
208,10
208,10
208,10
208,10
208,10
208,10
208,10
208,10
208,10
208,10
208,10
208,10
207,10
207,10
207,9
207,9
207,10
207,10
207,10
207,10
207,10
207,8
207,10
207,9
207,10
207,10
207,8
207,10
207,9
206,10
206,10
206,10
206,10
206,10
206,10
206,10
206,9
206,9
206,10
206,10
206,10
206,8
206,10
206,10
206,10
206,10
206,10
206,10
206,9
206,10
206,2
206,10
206,8
206,2
206,10
206,9
206,10
206,10
206,10
206,10
205,10
205,10
205,10
205,10
205,10
205,8
205,10
205,10
205,9
205,10
205,8
205,10
205,9
205,10
205,10
205,9
205,10
205,10
204,10
204,9
204,10
204,10
204,10
204,9
204,10
204,10
204,10
204,10
204,9
204,10
204,10
204,10
204,10
204,10
204,10
204,9
204,10
204,9
204,10
204,4
204,10
204,10
203,10
203,9
203,10
203,10
203,10
203,10
203,10
203,10
203,9
203,9
203,8
203,10
203,10
203,10
203,9
203,10
203,10
203,10
203,10
203,10
203,10
203,9
202,10
202,9
202,10
202,8
202,10
202,9
202,10
202,10
202,10
202,8
202,9
202,10
202,10
202,10
202,10
202,10
202,10
202,9
202,10
202,10
202,10
202,10
202,10
202,10
202,10
201,10
201,10
201,8
201,10
201,10
201,10
201,10
201,10
201,9
201,10
201,10
201,9
201,10
201,9
201,10
201,9
201,9
201,9
201,10
201,10
201,9
201,10
201,10
201,10
201,10
201,9
201,10
201,10
201,10
201,10
200,10
200,10
200,10
200,9
200,10
200,10
200,10
200,10
200,10
200,10
200,10
200,9
200,10
200,10
200,10
200,10
200,10
200,10
200,10
200,10
200,9
200,10
200,10
200,10
200,10
200,10
200,10
200,9
200,10
200,10
200,10
200,8
200,6
200,10
200,10
200,10
200,9
200,10
200,10
200,8
200,10
200,10
200,10
200,10
200,10
200,10
200,9
200,9
200,10
200,10
200,10
200,8
200,10
200,10
200,10
200,10
200,8
200,10
199,10
199,10
199,10
199,10
199,10
199,10
199,10
199,8
199,10
199,10
199,10
199,9
199,10
199,10
199,10
199,9
199,10
199,9
199,10
199,9
199,10
199,10
199,10
199,10
199,9
199,10
199,10
199,8
199,10
199,10
199,10
198,10
198,10
198,10
198,9
198,10
198,10
198,10
198,10
198,10
198,10
198,8
198,9
198,10
198,10
198,10
198,10
198,10
198,10
198,10
198,8
198,9
198,10
198,10
198,10
198,10
198,10
198,10
198,10
197,10
197,10
197,10
197,10
197,10
197,10
197,10
197,10
197,9
197,10
197,9
197,9
197,10
197,10
197,10
197,10
197,10
197,10
197,10
197,10
197,10
197,10
197,9
197,10
197,10
197,10
197,10
197,9
197,9
197,10
196,10
196,10
196,10
196,10
196,10
196,10
196,9
196,10
196,10
196,10
196,10
196,10
196,10
196,10
196,10
196,9
196,9
196,10
196,10
196,10
196,10
196,10
196,10
196,9
196,10
196,9
196,10
196,8
195,10
195,9
195,10
195,10
195,10
195,9
195,10
195,10
195,10
195,8
195,10
194,10
194,9
194,10
194,10
194,9
194,10
194,10
194,9
194,10
194,10
194,10
194,8
194,9
194,10
194,10
194,9
194,10
194,10
194,8
194,10
194,10
194,10
194,10
194,10
194,9
194,10
194,10
193,10
193,10
193,10
193,10
193,10
193,10
193,9
193,10
193,10
193,10
193,10
193,10
193,10
193,10
193,9
193,10
193,10
193,10
193,10
193,10
193,10
193,8
193,10
192,10
192,9
192,9
192,10
192,10
192,9
192,10
192,10
192,9
192,10
192,9
192,10
192,10
192,10
192,10
192,10
192,8
192,10
192,9
192,10
192,10
192,10
192,10
192,10
191,10
191,10
191,9
191,9
191,10
191,10
191,10
191,10
191,10
191,10
191,9
191,10
191,9
191,10
191,10
191,9
191,10
191,10
191,10
191,8
191,10
191,10
190,10
190,10
190,10
190,10
190,10
190,10
190,10
190,10
190,10
190,10
190,10
190,10
190,9
190,10
190,9
190,10
190,9
190,8
190,9
190,10
190,10
190,9
190,10
190,10
190,9
190,10
190,10
190,8
190,9
190,10
190,10
189,10
189,10
189,10
189,10
189,9
189,10
189,9
189,9
189,10
189,10
189,10
189,9
189,10
189,10
189,10
189,10
189,8
189,10
189,10
189,9
189,10
189,10
188,10
188,10
188,9
188,10
188,10
188,10
188,10
188,9
188,10
188,10
188,9
188,10
188,9
188,10
188,8
188,9
188,10
188,10
188,10
188,10
188,10
188,10
188,10
188,10
188,10
188,9
188,10
188,10
188,10
188,10
188,10
188,10
188,10
188,10
188,10
188,10
188,10
187,9
187,10
187,10
187,9
187,10
187,10
187,9
187,10
187,10
187,10
187,10
187,10
187,10
187,9
187,10
187,7
187,9
187,10
187,10
186,9
186,10
186,10
186,9
186,9
186,9
186,10
186,9
186,10
186,10
186,10
186,9
186,9
186,10
186,9
186,10
186,8
186,10
186,10
186,10
186,9
186,10
186,9
186,10
186,10
186,10
186,10
186,5
186,9
186,9
186,9
186,10
186,10
186,10
185,10
185,10
185,10
185,9
185,10
185,10
185,9
185,10
185,10
185,10
185,9
185,9
185,10
185,10
185,10
185,10
185,8
185,10
185,10
185,9
185,9
185,10
185,10
185,10
185,10
185,6
185,9
185,10
185,7
185,10
185,10
185,10
185,10
185,10
184,10
184,10
184,10
184,10
184,10
184,9
184,10
184,8
184,10
184,10
184,10
184,10
184,10
184,10
184,10
184,7
184,10
184,10
184,10
184,9
184,10
184,9
184,2
184,8
184,8
184,10
184,10
183,10
183,10
183,10
183,10
183,10
183,9
183,10
183,10
183,10
183,10
183,10
183,10
183,10
183,10
183,9
183,10
183,10
183,10
183,10
183,9
183,10
183,9
183,10
183,2
183,9
183,9
183,10
182,10
182,10
182,10
182,9
182,10
182,10
182,10
182,10
182,10
182,9
182,10
182,10
182,9
182,10
182,9
182,10
182,10
182,8
182,10
182,10
182,10
182,10
182,9
182,10
182,10
182,10
182,8
182,10
182,10
182,10
182,10
182,10
181,9
181,10
181,10
181,10
181,10
181,10
181,10
181,10
181,10
181,10
181,10
181,10
181,10
181,10
181,10
181,10
181,10
181,10
181,10
181,10
181,10
181,9
181,10
181,10
181,9
181,10
181,10
181,10
181,9
181,10
181,10
180,10
180,9
180,8
180,10
180,10
180,10
180,10
180,10
180,9
180,10
180,10
180,8
180,9
180,10
180,10
180,9
180,9
180,10
180,10
180,9
180,10
180,10
180,10
180,10
180,10
180,10
180,10
180,10
180,10
180,9
180,10
180,9
180,9
180,10
180,10
180,9
180,9
180,8
180,8
180,10
180,9
180,10
180,10
180,10
179,10
179,8
179,10
179,9
179,10
179,10
179,10
179,10
179,10
179,10
179,9
179,10
179,10
179,10
179,10
179,10
179,9
179,9
179,10
179,10
179,10
179,8
179,8
179,10
179,10
179,10
179,10
179,10
179,10
178,10
178,8
178,9
178,10
178,10
178,10
178,10
178,9
178,10
178,9
178,10
178,10
178,7
178,9
178,10
178,10
178,10
178,10
178,10
178,9
178,6
178,9
178,9
178,10
178,8
178,9
178,10
178,8
178,10
178,10
178,10
178,10
178,9
178,10
178,10
178,6
177,9
177,9
177,10
177,10
177,10
177,10
177,10
177,10
177,10
177,10
177,9
177,10
177,10
177,9
177,9
177,9
177,10
177,10
177,8
177,9
177,10
177,9
177,10
177,7
177,10
177,9
177,10
177,8
177,10
177,10
177,10
176,10
176,10
176,10
176,10
176,10
176,10
176,10
176,10
176,10
176,10
176,10
176,10
176,10
176,10
176,10
176,10
176,10
176,10
176,10
176,10
176,10
176,10
176,10
176,10
176,10
176,10
176,10
176,9
176,8
176,10
176,10
176,10
176,10
176,3
176,10
175,9
175,10
175,10
175,10
175,10
175,10
175,10
175,10
175,10
175,10
175,10
175,7
175,10
175,10
175,9
175,10
175,10
175,10
175,10
175,8
175,10
175,10
175,10
175,9
175,10
175,10
175,9
175,10
175,10
175,10
175,8
175,10
175,10
175,8
175,10
175,10
175,9
175,10
175,7
175,9
175,10
175,10
175,10
175,10
175,10
174,10
174,10
174,10
174,10
174,10
174,10
174,10
174,10
174,10
174,10
174,10
174,10
174,10
174,10
174,10
174,9
174,10
174,10
174,10
174,9
174,10
174,10
174,10
174,10
174,9
174,9
174,9
174,8
174,9
174,10
174,9
174,10
174,10
174,9
174,10
174,10
174,10
174,10
173,10
173,10
173,10
173,10
173,10
173,9
173,10
173,10
173,7
173,10
173,10
173,9
173,10
173,10
173,10
173,10
173,10
173,10
173,10
173,10
173,9
173,10
173,9
173,10
173,9
173,9
173,10
173,10
173,9
173,8
173,10
173,6
173,10
172,10
172,10
172,10
172,10
172,10
172,10
172,10
172,10
172,10
172,10
172,10
172,9
172,10
172,10
172,10
172,10
172,10
172,10
172,10
172,10
172,9
172,9
172,10
172,10
172,10
172,10
172,10
172,9
172,10
172,10
172,10
172,10
172,10
172,10
172,10
171,10
171,8
171,9
171,9
171,10
171,9
171,10
171,8
171,8
171,10
171,10
171,10
171,10
171,10
171,10
171,10
171,10
171,10
171,10
171,10
171,9
171,9
171,10
171,10
171,10
171,10
171,10
171,10
171,9
171,10
171,10
171,10
170,10
170,10
170,10
170,10
170,10
170,9
170,10
170,10
170,10
170,10
170,10
170,10
170,10
170,10
170,10
170,10
170,10
170,10
170,10
170,9
170,9
170,10
170,10
170,10
170,7
170,10
170,10
170,10
170,10
170,10
170,10
170,10
170,10
170,10
170,9
170,10
170,10
170,9
170,10
170,10
170,10
170,10
170,10
170,8
170,10
170,10
170,10
170,10
169,10
169,10
169,10
169,10
169,10
169,10
169,10
169,10
169,10
169,10
169,10
169,10
169,10
169,8
169,10
169,10
169,10
169,9
169,10
169,10
169,9
169,10
169,10
169,10
169,10
169,8
169,10
169,10
169,10
169,10
169,10
169,10
169,10
169,10
169,9
169,10
169,10
168,10
168,9
168,10
168,10
168,10
168,10
168,10
168,9
168,10
168,10
168,9
168,9
168,10
168,10
168,10
168,10
168,10
168,10
168,10
168,10
168,10
168,8
168,10
168,9
168,9
168,9
168,10
168,10
168,10
168,9
168,10
168,10
168,10
168,10
168,10
168,10
168,10
168,10
168,10
168,10
168,9
168,10
168,9
168,10
168,10
168,9
168,10
168,8
168,10
168,10
167,9
167,10
167,10
167,9
167,10
167,10
167,10
167,10
167,10
167,10
167,10
167,10
167,9
167,9
167,10
167,8
167,10
167,10
167,10
167,9
167,9
167,10
167,10
167,9
167,10
167,10
167,10
166,10
166,10
166,10
166,10
166,10
166,10
166,8
166,10
166,10
166,10
166,10
166,9
166,10
166,10
166,10
166,9
166,10
166,8
166,10
166,10
166,10
166,9
166,9
166,10
166,10
166,10
166,9
166,10
166,10
166,9
166,10
166,10
166,9
166,10
166,8
166,8
166,10
166,10
166,9
166,10
166,10
166,10
165,10
165,10
165,10
165,10
165,10
165,10
165,10
165,10
165,10
165,10
165,10
165,10
165,10
165,10
165,9
165,10
165,6
165,10
165,10
165,9
165,10
165,10
165,10
165,10
165,10
165,10
165,10
165,10
165,10
165,10
165,10
165,8
164,10
164,10
164,9
164,10
164,10
164,10
164,10
164,10
164,10
164,10
164,10
164,10
164,9
164,10
164,9
164,10
164,9
164,10
164,10
164,10
164,10
164,10
164,10
164,10
164,10
164,10
164,10
164,10
164,10
164,9
164,6
164,10
164,10
164,10
164,10
164,10
164,10
164,9
164,10
164,10
164,10
164,2
164,10
164,10
164,10
164,10
163,10
163,10
163,10
163,10
163,10
163,10
163,10
163,10
163,10
163,10
163,8
163,9
163,10
163,10
163,6
163,10
163,10
163,8
163,10
163,9
163,10
163,10
163,10
163,10
163,8
163,10
162,10
162,10
162,10
162,10
162,10
162,10
162,10
162,10
162,10
162,10
162,10
162,10
162,10
162,10
162,10
162,10
162,10
162,10
162,10
162,10
162,9
162,10
162,10
162,10
162,10
162,10
162,10
162,10
162,10
162,10
162,10
161,10
161,10
161,10
161,10
161,10
161,10
161,7
161,7
161,8
161,10
161,10
161,10
161,10
161,10
161,10
161,10
161,10
161,8
161,9
161,10
161,10
161,10
161,10
161,10
161,10
161,10
160,10
160,10
160,10
160,10
160,10
160,10
160,10
160,9
160,10
160,10
160,9
160,9
160,10
160,10
160,10
160,9
160,9
160,10
160,10
160,10
160,9
160,10
160,9
160,10
160,10
160,9
160,10
160,9
160,10
160,10
160,10
160,8
160,8
160,9
160,10
160,10
160,10
160,8
160,10
160,10
160,9
160,10
160,10
159,10
159,10
159,9
159,10
159,10
159,10
159,10
159,9
159,10
159,10
159,10
159,10
159,10
159,10
159,10
159,9
159,9
159,10
159,10
159,9
159,9
159,10
159,9
159,8
159,10
159,9
159,9
159,10
159,9
159,9
159,10
159,10
159,10
158,10
158,10
158,10
158,10
158,10
158,9
158,10
158,9
158,10
158,9
158,10
158,10
158,10
158,9
158,10
158,9
158,10
158,10
158,9
158,9
158,10
158,10
158,10
158,9
158,10
158,10
158,10
158,10
158,9
158,8
157,10
157,10
157,10
157,10
157,10
157,10
157,7
157,10
157,9
157,10
157,10
157,9
157,10
157,10
157,9
157,10
157,7
157,9
157,10
157,10
157,8
156,10
156,10
156,10
156,9
156,10
156,10
156,10
156,10
156,10
156,10
156,10
156,10
156,9
156,10
156,10
156,10
156,9
156,9
156,10
156,10
156,10
156,10
156,10
156,9
156,10
156,9
156,10
156,10
156,10
156,10
156,10
156,8
156,10
155,10
155,9
155,9
155,10
155,9
155,9
155,10
155,10
155,10
155,9
155,10
155,10
155,10
155,10
155,10
155,9
155,10
155,9
155,10
155,8
155,10
155,10
155,10
155,10
155,8
155,10
154,9
154,9
154,10
154,10
154,10
154,9
154,9
154,9
154,10
154,10
154,9
154,10
154,10
154,10
154,10
154,9
154,8
154,10
154,10
154,10
154,9
154,10
154,8
154,10
154,10
154,10
154,9
154,10
154,10
154,10
154,10
154,9
154,10
154,9
154,10
154,7
154,10
154,10
154,10
154,10
153,9
153,10
153,10
153,10
153,10
153,10
153,10
153,10
153,9
153,10
153,10
153,9
153,10
153,10
153,8
153,10
153,10
153,9
153,10
153,10
153,10
153,10
153,10
153,10
153,9
153,10
153,10
153,10
153,10
153,10
152,10
152,10
152,10
152,9
152,9
152,10
152,10
152,8
152,10
152,10
152,10
152,10
152,10
152,10
152,10
152,9
152,7
152,8
152,10
152,8
152,10
152,10
152,10
152,10
152,10
152,10
152,10
152,10
152,10
152,8
152,10
152,10
152,10
152,9
152,10
152,10
152,10
152,10
152,7
152,10
152,9
152,10
152,10
152,10
152,10
152,10
152,10
152,10
152,10
151,10
151,9
151,10
151,10
151,10
151,10
151,10
151,10
151,10
151,10
151,10
151,10
151,10
151,10
151,10
151,10
151,10
151,10
151,8
151,10
151,9
151,10
151,10
151,9
151,10
151,10
151,10
151,9
151,10
151,10
151,9
151,10
151,10
151,10
151,10
151,10
150,10
150,10
150,10
150,9
150,10
150,10
150,10
150,10
150,10
150,10
150,10
150,10
150,10
150,9
150,10
150,10
150,10
150,10
150,10
150,10
150,10
150,10
150,9
150,10
150,9
150,10
150,9
150,10
150,10
150,10
150,10
150,7
150,10
150,10
150,10
150,10
150,10
150,10
150,10
150,9
150,9
150,10
150,10
150,10
150,8
150,10
150,10
150,10
150,10
150,9
150,9
150,10
150,10
150,8
150,10
150,9
150,10
150,10
150,9
150,10
150,10
150,10
150,10
150,10
150,10
150,10
150,10
150,10
149,10
149,10
149,10
149,9
149,10
149,10
149,10
149,10
149,10
149,10
149,9
149,10
149,10
149,9
149,10
149,9
149,10
149,9
149,9
149,10
149,9
149,9
149,10
149,10
149,10
149,10
149,10
149,10
149,10
149,10
149,10
149,9
149,10
149,10
149,9
149,10
149,10
149,10
149,10
149,10
149,10
149,10
149,8
149,10
149,10
149,10
149,10
149,10
149,10
149,10
148,10
148,9
148,10
148,10
148,10
148,10
148,10
148,9
148,10
148,9
148,10
148,10
148,9
148,10
148,9
148,9
148,10
148,10
148,10
148,10
148,10
148,9
148,9
148,9
148,8
148,10
148,10
148,10
148,2
148,10
148,10
147,10
147,10
147,10
147,10
147,9
147,9
147,10
147,10
147,9
147,9
147,10
147,10
147,9
147,10
147,9
147,9
147,10
147,10
147,10
147,9
147,9
147,10
147,10
147,10
147,10
147,10
147,10
147,10
147,8
147,9
147,10
147,10
147,10
147,10
147,10
147,10
147,9
147,10
147,10
147,10
147,10
147,8
147,10
147,10
147,10
146,10
146,10
146,9
146,9
146,10
146,10
146,10
146,10
146,10
146,10
146,10
146,10
146,10
146,9
146,10
146,10
146,9
146,10
146,9
146,9
146,9
146,10
146,10
146,8
146,8
146,9
146,9
146,10
146,10
146,2
146,9
146,10
146,10
146,9
146,6
146,9
146,10
146,10
146,10
146,9
146,10
146,10
146,10
146,10
145,10
145,10
145,9
145,9
145,10
145,10
145,10
145,10
145,9
145,9
145,10
145,8
145,10
145,9
145,10
145,10
145,10
145,9
145,10
145,10
145,10
145,9
145,10
145,10
145,9
145,10
145,10
145,10
145,10
145,9
144,10
144,10
144,10
144,10
144,10
144,9
144,10
144,9
144,9
144,10
144,10
144,10
144,10
144,9
144,10
144,10
144,7
144,10
144,10
144,10
144,10
144,10
144,10
144,8
144,10
144,10
144,9
144,9
144,10
144,8
144,10
144,9
144,10
144,9
144,10
144,10
144,9
144,10
144,10
144,10
144,6
144,9
144,8
143,10
143,10
143,10
143,10
143,10
143,10
143,9
143,9
143,10
143,9
143,10
143,9
143,10
143,9
143,10
143,9
143,9
143,9
143,10
143,9
143,10
143,9
143,10
143,10
143,10
143,9
143,10
143,6
143,8
143,10
143,7
143,10
143,10
143,10
143,4
143,10
142,10
142,10
142,10
142,10
142,9
142,10
142,10
142,10
142,10
142,10
142,10
142,10
142,10
142,9
142,10
142,10
142,8
142,10
142,8
142,10
142,9
142,10
142,9
142,10
142,10
142,9
142,10
142,8
142,10
141,10
141,10
141,9
141,9
141,10
141,10
141,9
141,10
141,10
141,10
141,9
141,9
141,9
141,9
141,10
141,10
141,10
141,9
141,10
141,10
141,8
141,10
141,10
141,10
141,9
141,9
141,9
141,10
141,10
141,10
141,9
141,10
141,10
140,10
140,10
140,10
140,10
140,10
140,9
140,9
140,10
140,10
140,10
140,10
140,10
140,8
140,8
140,9
140,9
140,7
140,10
140,10
140,10
140,10
140,10
140,10
140,10
140,9
140,9
140,9
140,10
140,10
140,10
140,10
140,9
140,10
140,9
140,10
140,10
140,10
140,10
140,10
140,10
140,10
140,10
139,10
139,10
139,10
139,10
139,9
139,10
139,10
139,10
139,10
139,9
139,10
139,10
139,10
139,10
139,10
139,10
139,10
139,9
139,8
139,10
139,10
139,10
139,10
139,10
139,8
139,10
138,10
138,10
138,10
138,10
138,10
138,10
138,10
138,10
138,10
138,10
138,10
138,10
138,9
138,9
138,9
138,10
138,9
138,9
138,10
138,9
138,10
138,10
138,10
138,9
138,10
138,9
138,10
138,10
138,8
138,9
138,9
138,10
138,10
138,10
138,9
138,10
138,8
138,10
138,10
138,8
138,10
137,10
137,10
137,10
137,10
137,9
137,10
137,9
137,10
137,10
137,10
137,10
137,8
137,10
137,10
137,9
137,8
137,10
137,9
137,8
137,10
137,10
137,10
137,10
137,9
137,10
137,10
137,10
137,10
137,10
137,9
137,10
137,10
137,9
137,10
137,10
137,10
137,10
137,10
136,10
136,9
136,10
136,10
136,10
136,10
136,9
136,10
136,10
136,9
136,10
136,10
136,10
136,9
136,10
136,10
136,9
136,9
136,9
136,10
136,10
136,10
136,10
136,10
136,10
136,9
136,10
136,9
136,8
136,5
136,10
136,9
136,10
136,9
136,9
136,6
136,10
136,10
136,10
136,9
136,9
136,10
136,10
136,10
135,10
135,9
135,10
135,10
135,10
135,9
135,9
135,10
135,10
135,10
135,10
135,9
135,10
135,10
135,10
135,10
135,10
135,8
135,9
135,8
135,9
135,10
135,10
135,9
135,10
135,6
135,9
135,10
135,9
135,10
135,10
135,10
135,10
135,10
135,10
135,10
135,10
135,10
135,10
134,10
134,10
134,10
134,10
134,10
134,9
134,9
134,10
134,7
134,9
134,10
134,9
134,10
134,9
134,10
134,10
134,10
134,9
134,9
134,10
134,10
134,9
134,10
134,8
134,10
134,9
134,8
134,10
134,9
134,9
134,10
134,10
134,10
134,10
134,10
134,9
133,10
133,9
133,10
133,10
133,10
133,9
133,10
133,10
133,9
133,9
133,10
133,9
133,8
133,10
133,10
133,9
133,10
133,10
133,10
133,10
133,10
133,10
133,10
133,10
133,10
133,10
133,10
133,10
133,10
133,10
133,10
133,10
133,10
133,10
133,10
133,10
132,10
132,9
132,9
132,10
132,10
132,9
132,9
132,10
132,10
132,10
132,9
132,10
132,10
132,10
132,9
132,9
132,9
132,10
132,10
132,10
132,10
132,10
132,10
132,8
132,9
132,10
132,9
132,10
132,10
132,9
132,9
132,10
132,9
132,10
132,10
132,10
131,10
131,10
131,10
131,10
131,9
131,9
131,9
131,9
131,9
131,10
131,9
131,10
131,10
131,10
131,10
131,9
131,9
131,9
131,10
131,10
131,10
131,10
131,9
131,9
131,6
131,7
131,9
131,10
131,10
131,10
131,10
131,10
131,10
131,10
131,10
131,10
131,10
130,10
130,10
130,10
130,10
130,10
130,10
130,10
130,9
130,10
130,10
130,10
130,10
130,10
130,10
130,10
130,10
130,10
130,7
130,9
130,10
130,10
130,10
130,10
130,10
130,9
130,9
130,10
130,10
130,10
130,9
130,10
130,10
130,10
130,9
130,10
130,9
130,8
130,10
130,8
130,9
130,10
130,10
130,10
130,10
130,10
130,10
130,10
130,10
130,10
130,10
129,8
129,9
129,10
129,9
129,10
129,10
129,9
129,9
129,9
129,10
129,10
129,7
129,10
129,9
129,10
129,9
129,10
129,10
129,10
129,9
129,10
129,10
129,9
129,10
129,9
129,9
129,10
129,10
129,10
129,9
129,10
129,8
129,10
129,10
129,10
129,10
129,10
129,10
129,8
129,10
129,10
129,9
129,10
129,10
129,10
129,6
128,10
128,10
128,10
128,9
128,9
128,9
128,9
128,10
128,10
128,10
128,10
128,10
128,9
128,9
128,9
128,9
128,10
128,10
128,8
128,10
128,10
128,10
128,9
128,10
128,10
128,10
128,9
128,10
128,10
128,10
128,10
128,10
128,10
128,10
128,9
128,10
128,8
128,6
128,10
127,10
127,10
127,10
127,10
127,10
127,10
127,9
127,9
127,10
127,8
127,9
127,9
127,9
127,10
127,10
127,10
127,9
127,10
127,9
127,10
127,9
127,10
127,9
127,10
127,9
127,9
127,10
127,9
127,10
127,9
127,10
127,8
127,9
127,10
127,10
127,9
127,6
127,8
127,9
127,10
127,10
126,10
126,10
126,10
126,10
126,10
126,9
126,8
126,10
126,9
126,10
126,10
126,9
126,10
126,9
126,10
126,10
126,10
126,10
126,9
126,10
126,10
126,10
126,10
126,10
126,10
126,9
126,10
126,10
126,10
126,9
126,10
126,9
126,10
126,10
126,10
126,10
126,10
126,9
126,10
126,9
126,8
126,7
126,10
126,9
126,9
126,10
126,8
126,10
126,10
126,8
126,9
126,10
126,10
125,10
125,10
125,10
125,10
125,10
125,9
125,10
125,10
125,10
125,10
125,10
125,10
125,10
125,10
125,9
125,10
125,9
125,9
125,10
125,9
125,9
125,10
125,10
125,10
125,10
125,9
125,9
125,10
125,9
125,10
125,9
125,9
125,9
125,10
125,9
125,9
125,9
125,9
125,9
125,9
125,10
125,9
125,9
125,10
125,9
125,10
125,10
125,9
125,10
125,9
125,8
125,10
125,7
125,10
125,10
124,8
124,10
124,10
124,10
124,10
124,7
124,10
124,9
124,10
124,10
124,10
124,10
124,10
124,10
124,8
124,10
124,9
124,10
124,10
124,8
124,9
124,9
124,10
124,10
124,8
124,10
124,10
124,10
124,10
124,10
124,8
124,10
124,10
124,10
124,10
124,10
124,10
124,10
123,10
123,10
123,10
123,10
123,9
123,10
123,9
123,10
123,10
123,9
123,10
123,10
123,9
123,9
123,9
123,10
123,10
123,5
123,10
123,9
123,10
123,10
123,9
123,10
123,10
123,2
123,7
123,10
123,10
123,10
123,10
123,10
122,10
122,10
122,10
122,10
122,9
122,10
122,9
122,10
122,9
122,10
122,10
122,9
122,9
122,8
122,10
122,10
122,10
122,9
122,10
122,10
122,10
122,10
122,10
122,8
122,10
122,9
122,8
122,9
122,10
122,10
122,10
122,9
122,4
122,10
122,10
122,8
122,9
122,10
122,8
122,8
122,10
122,10
122,10
121,10
121,9
121,10
121,10
121,10
121,10
121,9
121,10
121,9
121,9
121,10
121,10
121,9
121,10
121,10
121,10
121,9
121,9
121,9
121,10
121,10
121,9
121,5
121,10
121,10
121,10
121,8
121,9
121,10
121,10
121,10
120,10
120,9
120,9
120,10
120,10
120,10
120,10
120,10
120,9
120,10
120,10
120,10
120,10
120,10
120,10
120,10
120,10
120,9
120,9
120,9
120,9
120,10
120,10
120,10
120,9
120,10
120,10
120,9
120,10
120,8
120,10
120,10
120,10
120,10
120,10
120,9
120,10
120,6
120,10
120,8
120,10
120,10
120,9
120,9
120,9
120,9
120,9
120,10
120,10
120,9
120,8
120,10
120,9
120,10
120,10
120,10
120,10
119,10
119,10
119,10
119,10
119,10
119,10
119,10
119,10
119,9
119,9
119,10
119,10
119,10
119,9
119,10
119,9
119,10
119,9
119,9
119,10
119,10
119,10
119,10
119,10
119,8
119,10
119,9
119,10
119,10
119,10
119,9
119,9
119,10
119,9
119,9
119,9
119,10
119,9
118,9
118,10
118,10
118,9
118,10
118,9
118,10
118,10
118,9
118,9
118,10
118,10
118,10
118,9
118,9
118,10
118,10
118,10
118,10
118,9
118,10
118,10
118,7
118,8
118,9
118,8
118,8
118,9
118,9
118,9
118,9
118,9
118,2
118,9
118,10
118,9
118,10
118,8
118,10
118,10
118,10
118,10
118,10
118,10
117,10
117,10
117,10
117,9
117,10
117,10
117,10
117,10
117,10
117,9
117,9
117,10
117,9
117,10
117,10
117,10
117,10
117,9
117,10
117,10
117,9
117,10
117,9
117,9
117,10
117,10
117,9
117,9
117,9
117,9
117,10
117,8
117,9
117,10
117,10
116,10
116,9
116,9
116,9
116,10
116,10
116,10
116,10
116,9
116,9
116,10
116,10
116,9
116,9
116,10
116,8
116,9
116,10
116,9
116,9
116,10
116,10
116,10
116,9
116,9
116,9
116,10
116,9
116,10
116,9
116,8
116,9
116,9
116,9
116,10
116,10
116,10
116,10
116,10
115,10
115,10
115,10
115,9
115,10
115,10
115,9
115,10
115,9
115,10
115,10
115,10
115,9
115,9
115,10
115,9
115,9
115,10
115,9
115,9
115,9
115,10
115,9
115,10
115,9
115,7
115,9
115,9
115,9
115,9
115,10
115,10
115,9
115,10
115,10
115,10
115,10
115,10
115,10
115,10
115,9
115,10
114,10
114,9
114,10
114,10
114,9
114,10
114,9
114,9
114,10
114,9
114,9
114,10
114,9
114,9
114,10
114,9
114,9
114,10
114,10
114,10
114,9
114,10
114,10
114,9
114,10
114,10
114,10
114,10
114,9
114,10
114,10
114,9
114,9
114,9
114,9
114,9
114,9
114,10
114,10
114,10
114,6
114,10
114,10
114,9
114,10
114,10
113,10
113,10
113,9
113,9
113,9
113,9
113,8
113,10
113,10
113,10
113,10
113,9
113,10
113,10
113,9
113,9
113,10
113,9
113,8
113,9
113,10
113,10
113,10
113,9
113,9
113,9
113,6
113,9
113,10
113,9
113,9
113,9
113,10
113,9
113,9
113,10
113,10
113,10
113,10
113,10
113,10
113,10
112,10
112,10
112,10
112,10
112,10
112,10
112,9
112,8
112,10
112,10
112,9
112,10
112,10
112,9
112,9
112,10
112,9
112,9
112,9
112,10
112,9
112,9
112,9
112,10
112,10
112,9
112,10
112,9
112,9
112,10
112,9
112,9
112,9
112,10
112,10
112,10
112,9
112,10
112,9
112,9
112,10
112,10
112,9
112,10
112,10
112,9
112,10
112,10
112,9
112,10
112,10
111,10
111,10
111,10
111,9
111,10
111,10
111,9
111,10
111,10
111,10
111,10
111,9
111,10
111,8
111,9
111,9
111,10
111,10
111,10
111,8
111,9
111,10
111,9
111,10
111,9
111,10
111,10
111,8
111,10
111,10
111,9
111,10
111,10
111,9
111,9
111,10
111,10
111,10
111,7
111,6
111,10
111,10
111,8
110,10
110,9
110,9
110,10
110,10
110,9
110,9
110,9
110,9
110,9
110,10
110,10
110,10
110,10
110,9
110,9
110,9
110,10
110,10
110,10
110,10
110,10
110,10
110,9
110,8
110,9
110,10
110,9
110,9
110,9
110,9
110,9
110,10
110,9
110,9
110,9
110,8
110,9
110,9
110,10
110,9
110,9
110,6
110,10
110,10
110,10
110,8
110,10
110,10
110,9
110,10
110,10
110,10
110,9
110,10
110,8
110,9
110,10
110,10
110,10
110,9
110,10
110,9
110,10
110,10
110,9
110,10
110,10
110,10
109,9
109,9
109,10
109,9
109,10
109,10
109,9
109,10
109,10
109,10
109,9
109,9
109,10
109,10
109,10
109,10
109,9
109,9
109,10
109,10
109,10
109,9
109,8
109,9
109,10
109,10
109,9
109,10
109,10
109,10
109,10
109,9
109,10
109,10
109,9
109,9
109,10
109,10
109,10
109,10
108,10
108,10
108,10
108,9
108,10
108,10
108,10
108,9
108,10
108,10
108,9
108,9
108,10
108,9
108,10
108,10
108,10
108,9
108,9
108,9
108,9
108,9
108,10
108,9
108,9
108,9
108,10
108,9
108,10
108,9
108,10
108,10
108,10
108,10
108,9
108,9
108,10
108,9
108,10
108,10
108,10
107,10
107,9
107,10
107,9
107,9
107,9
107,10
107,9
107,9
107,10
107,10
107,10
107,9
107,9
107,10
107,10
107,10
107,9
107,9
107,9
107,9
107,9
107,10
107,9
107,9
107,10
107,9
107,9
107,9
107,10
107,9
107,9
107,9
107,10
107,10
107,10
106,10
106,10
106,10
106,9
106,10
106,10
106,9
106,9
106,9
106,10
106,9
106,9
106,10
106,8
106,10
106,10
106,9
106,9
106,10
106,10
106,8
106,9
106,10
106,9
106,9
106,9
106,10
106,9
106,10
106,8
106,10
106,10
106,9
106,10
106,9
106,9
106,9
106,10
106,10
106,10
106,9
106,8
106,10
106,9
106,9
106,10
106,10
106,9
106,7
106,9
106,10
106,10
106,10
106,9
106,10
106,10
106,10
106,10
106,10
105,10
105,9
105,10
105,10
105,9
105,8
105,10
105,10
105,10
105,10
105,10
105,10
105,9
105,8
105,10
105,9
105,9
105,9
105,10
105,8
105,10
105,9
105,9
105,10
105,10
105,9
105,8
105,10
105,10
105,9
105,9
105,9
105,9
105,9
105,10
105,9
105,10
105,10
105,10
105,5
105,10
105,10
104,7
104,10
104,10
104,10
104,10
104,9
104,10
104,9
104,10
104,10
104,9
104,9
104,9
104,9
104,9
104,9
104,8
104,10
104,10
104,10
104,9
104,9
104,10
104,9
104,10
104,10
104,10
104,9
104,10
104,7
104,9
104,9
104,9
104,9
104,10
104,9
104,10
104,9
104,9
104,9
104,10
104,10
104,10
104,10
104,10
104,10
103,10
103,10
103,10
103,9
103,10
103,8
103,10
103,9
103,10
103,10
103,8
103,9
103,10
103,10
103,10
103,9
103,10
103,9
103,10
103,10
103,10
103,9
103,9
103,10
103,9
103,9
103,9
103,8
103,10
103,9
103,9
103,10
103,10
103,9
103,8
103,10
103,10
103,10
103,10
103,10
102,9
102,10
102,10
102,10
102,10
102,9
102,10
102,10
102,9
102,9
102,10
102,10
102,10
102,10
102,9
102,10
102,9
102,10
102,9
102,10
102,10
102,10
102,9
102,9
102,9
102,10
102,10
102,10
102,10
102,9
102,9
102,9
102,10
102,9
102,10
102,10
102,10
102,9
102,10
102,10
102,10
102,8
102,9
102,10
102,10
102,10
102,10
101,9
101,9
101,8
101,10
101,10
101,10
101,9
101,8
101,10
101,10
101,10
101,10
101,10
101,9
101,9
101,10
101,10
101,10
101,8
101,9
101,10
101,10
101,10
101,9
101,10
101,10
101,8
101,9
101,9
101,9
101,8
101,10
101,10
101,10
101,10
101,9
101,10
101,10
101,10
100,10
100,9
100,9
100,9
100,9
100,10
100,10
100,10
100,9
100,9
100,9
100,10
100,9
100,10
100,9
100,10
100,10
100,10
100,9
100,9
100,9
100,2
100,10
100,9
100,10
100,10
100,10
100,10
100,10
100,9
100,10
100,9
100,9
100,10
100,9
100,10
100,10
100,9
100,7
100,10
100,9
100,9
100,10
100,10
100,10
100,10
100,9
100,2
100,10
100,10
100,10
100,10
100,10
100,2
100,9
100,2
100,10
99,10
99,9
99,9
99,9
99,9
99,9
99,10
99,10
99,10
99,9
99,10
99,10
99,9
99,9
99,9
99,10
99,9
99,10
99,10
99,10
99,10
99,9
99,9
99,9
99,9
99,10
99,10
99,10
99,9
99,9
99,9
99,10
99,9
99,9
99,10
99,10
99,9
99,9
99,10
99,8
99,9
99,9
99,9
99,10
99,9
99,10
99,9
99,10
99,10
99,10
99,10
99,10
99,10
98,10
98,10
98,10
98,10
98,9
98,10
98,9
98,9
98,9
98,9
98,9
98,10
98,10
98,10
98,9
98,10
98,10
98,9
98,9
98,10
98,10
98,9
98,10
98,9
98,9
98,9
98,9
98,10
98,8
98,10
98,8
98,8
98,9
98,10
98,9
98,10
98,9
98,7
97,9
97,9
97,9
97,10
97,9
97,7
97,10
97,10
97,8
97,10
97,9
97,10
97,9
97,9
97,10
97,9
97,10
97,9
97,10
97,8
97,8
97,9
97,7
97,9
97,9
97,10
97,9
97,10
97,10
97,10
97,10
97,9
97,5
97,10
97,9
97,9
97,10
96,10
96,10
96,10
96,8
96,8
96,9
96,9
96,10
96,7
96,10
96,9
96,10
96,10
96,9
96,9
96,9
96,10
96,10
96,9
96,10
96,10
96,10
96,9
96,9
96,10
96,9
96,9
96,9
96,8
96,9
96,8
96,9
96,9
96,9
96,9
96,9
96,7
96,9
96,10
96,10
96,10
95,10
95,10
95,10
95,9
95,10
95,10
95,10
95,10
95,9
95,10
95,10
95,10
95,10
95,9
95,10
95,10
95,8
95,9
95,10
95,10
95,10
95,7
95,9
95,10
95,10
95,10
95,10
95,9
95,10
95,10
95,9
95,9
95,6
95,9
95,10
95,9
95,9
95,10
95,9
95,9
95,10
95,10
94,10
94,10
94,10
94,9
94,9
94,10
94,8
94,9
94,10
94,10
94,9
94,10
94,10
94,9
94,9
94,9
94,10
94,9
94,10
94,10
94,10
94,10
94,9
94,10
94,10
94,9
94,10
94,10
94,9
94,10
94,9
94,8
94,8
94,9
94,6
94,10
94,10
94,10
94,10
94,7
94,10
94,10
94,9
94,10
94,2
94,10
94,7
94,8
94,9
94,10
94,9
94,9
94,10
93,9
93,10
93,10
93,9
93,9
93,7
93,9
93,10
93,9
93,9
93,10
93,10
93,10
93,10
93,10
93,10
93,9
93,10
93,9
93,10
93,9
93,10
93,9
93,10
93,10
93,9
93,10
93,9
93,9
93,9
93,9
93,9
93,8
93,9
93,10
93,9
93,10
93,9
93,9
93,10
93,10
93,9
93,10
92,10
92,10
92,10
92,10
92,10
92,9
92,10
92,10
92,9
92,9
92,10
92,10
92,10
92,9
92,9
92,9
92,9
92,9
92,10
92,8
92,10
92,10
92,10
92,10
92,8
92,10
92,10
92,9
92,10
92,10
92,10
91,10
91,10
91,10
91,10
91,9
91,9
91,10
91,9
91,9
91,9
91,10
91,9
91,9
91,10
91,9
91,9
91,4
91,10
91,7
91,9
91,9
91,10
91,10
91,10
91,9
90,10
90,10
90,10
90,9
90,10
90,9
90,10
90,10
90,9
90,9
90,9
90,9
90,9
90,9
90,10
90,9
90,10
90,8
90,9
90,9
90,9
90,10
90,8
90,10
90,10
90,9
90,9
90,9
90,10
90,9
90,9
90,10
90,8
90,9
90,10
90,10
90,10
90,9
90,10
90,10
90,10
90,10
90,6
90,9
90,9
90,9
90,10
90,7
90,10
90,8
90,10
90,10
89,9
89,10
89,10
89,8
89,10
89,10
89,10
89,10
89,10
89,9
89,10
89,9
89,9
89,10
89,10
89,9
89,9
89,9
89,9
89,10
89,10
89,9
89,9
89,10
89,10
89,8
89,9
89,8
89,9
89,9
89,3
89,10
89,8
89,9
89,10
89,8
89,9
89,9
89,7
89,10
89,9
89,6
88,9
88,10
88,10
88,9
88,10
88,9
88,10
88,10
88,9
88,10
88,10
88,10
88,10
88,9
88,9
88,9
88,9
88,8
88,9
88,10
88,9
88,9
88,9
88,9
88,9
88,10
88,10
88,10
88,10
88,8
88,9
88,9
88,9
88,10
88,10
88,9
88,9
88,9
88,2
88,9
88,10
88,10
88,10
88,10
87,10
87,10
87,10
87,8
87,9
87,10
87,10
87,9
87,10
87,9
87,10
87,9
87,8
87,10
87,9
87,10
87,10
87,10
87,8
87,10
87,9
87,10
87,9
87,9
87,10
87,9
87,9
87,10
87,10
87,8
87,9
86,10
86,10
86,10
86,10
86,10
86,10
86,9
86,10
86,10
86,9
86,9
86,9
86,9
86,10
86,9
86,9
86,10
86,9
86,9
86,10
86,9
86,9
86,10
86,10
86,8
86,10
86,9
86,9
86,9
86,9
86,10
86,10
86,9
86,10
86,9
86,9
86,9
86,9
86,10
86,10
86,9
86,10
86,8
86,10
86,9
86,9
86,9
86,10
86,10
86,10
86,9
86,6
86,8
86,10
85,10
85,10
85,10
85,9
85,9
85,10
85,10
85,10
85,10
85,10
85,9
85,10
85,10
85,10
85,9
85,9
85,9
85,10
85,10
85,9
85,10
85,10
85,9
85,10
85,10
85,10
85,10
85,10
85,8
85,2
85,9
85,8
85,8
85,9
85,9
85,10
85,9
85,10
85,9
85,9
85,6
85,10
85,8
85,9
85,10
85,10
84,9
84,10
84,9
84,8
84,10
84,9
84,9
84,10
84,10
84,9
84,9
84,10
84,9
84,9
84,10
84,10
84,10
84,9
84,10
84,9
84,10
84,10
84,10
84,10
84,10
84,10
84,10
84,10
84,10
84,9
84,8
84,10
84,10
84,10
84,10
84,10
84,10
84,9
84,10
84,10
84,6
84,10
84,10
84,10
83,10
83,10
83,10
83,10
83,9
83,9
83,10
83,10
83,10
83,10
83,9
83,10
83,9
83,10
83,9
83,9
83,9
83,10
83,10
83,9
83,10
83,10
83,10
83,10
83,10
83,9
83,10
83,8
83,10
83,10
82,10
82,9
82,10
82,10
82,9
82,9
82,10
82,10
82,9
82,10
82,9
82,10
82,9
82,10
82,9
82,9
82,9
82,9
82,9
82,10
82,9
82,9
82,9
82,9
82,9
82,7
82,9
82,9
82,8
82,9
82,10
82,9
82,10
82,9
82,9
82,9
82,9
82,10
82,10
82,10
82,10
82,10
82,10
82,10
82,10
81,9
81,10
81,10
81,10
81,9
81,9
81,10
81,10
81,9
81,9
81,9
81,8
81,9
81,9
81,9
81,9
81,9
81,10
81,9
81,9
81,9
81,9
81,10
81,10
81,9
81,9
81,8
81,9
81,9
81,9
81,10
81,10
81,8
81,9
81,8
80,10
80,9
80,9
80,10
80,10
80,9
80,10
80,10
80,10
80,9
80,10
80,9
80,9
80,9
80,9
80,6
80,9
80,8
80,10
80,9
80,10
80,10
80,10
80,9
80,10
80,10
80,9
80,10
80,5
80,9
80,9
80,10
80,9
80,10
80,9
80,8
80,10
80,10
80,10
80,10
80,10
80,10
80,10
80,10
80,8
80,9
80,9
80,9
80,10
80,9
80,8
80,10
80,10
80,8
79,10
79,10
79,9
79,9
79,10
79,9
79,9
79,10
79,10
79,10
79,10
79,9
79,9
79,10
79,10
79,9
79,9
79,9
79,10
79,9
79,8
79,10
79,9
79,9
79,9
79,8
79,10
79,10
79,10
79,10
79,10
79,10
79,8
79,8
79,9
79,9
79,9
79,10
79,9
79,9
79,6
79,8
79,10
79,10
79,10
79,10
78,10
78,9
78,9
78,9
78,10
78,9
78,9
78,9
78,8
78,9
78,10
78,10
78,9
78,9
78,9
78,10
78,8
78,10
78,9
78,6
78,9
78,10
78,9
78,8
78,10
78,10
78,10
78,9
78,8
78,10
78,10
78,10
78,10
78,10
78,10
78,9
78,10
78,9
78,10
78,10
78,10
78,10
78,10
77,9
77,9
77,10
77,10
77,9
77,9
77,9
77,10
77,10
77,9
77,10
77,10
77,9
77,9
77,10
77,10
77,10
77,10
77,8
77,9
76,10
76,10
76,9
76,9
76,9
76,10
76,9
76,10
76,9
76,9
76,9
76,9
76,9
76,10
76,10
76,10
76,10
76,10
76,9
76,9
76,10
76,10
76,10
76,9
76,10
76,9
76,10
76,9
76,9
76,9
76,9
76,9
76,8
76,10
76,10
76,9
76,9
76,9
76,5
76,10
76,8
76,9
76,10
76,9
76,9
76,10
76,10
76,8
76,8
76,6
76,8
76,10
76,10
76,10
75,10
75,10
75,10
75,10
75,9
75,10
75,9
75,9
75,10
75,9
75,10
75,10
75,9
75,10
75,10
75,10
75,10
75,10
75,10
75,8
75,9
75,10
75,10
75,9
75,10
75,10
75,9
75,10
75,10
75,9
75,9
75,9
75,10
75,10
75,8
75,10
75,10
75,10
75,10
75,10
75,10
75,10
75,9
75,10
75,10
75,8
75,10
75,10
75,10
75,10
75,10
75,10
75,10
74,9
74,10
74,8
74,9
74,9
74,9
74,9
74,10
74,10
74,10
74,10
74,9
74,9
74,10
74,10
74,9
74,9
74,10
74,8
74,9
74,9
74,9
74,8
74,9
74,10
74,9
74,9
74,9
74,9
74,9
74,9
74,10
74,9
74,10
74,10
74,9
74,10
74,10
74,10
74,9
74,10
74,10
73,10
73,9
73,10
73,10
73,10
73,10
73,9
73,10
73,8
73,10
73,9
73,9
73,9
73,8
73,10
73,9
73,9
73,9
73,9
73,10
73,9
73,10
73,9
73,10
73,9
73,10
73,9
73,9
73,10
73,9
73,10
73,9
73,10
73,9
73,10
73,8
73,9
73,9
73,8
73,10
72,9
72,10
72,8
72,9
72,10
72,10
72,9
72,10
72,9
72,8
72,10
72,8
72,10
72,10
72,9
72,9
72,9
72,10
72,9
72,9
72,8
72,9
72,10
72,10
72,10
72,10
72,10
72,10
72,9
72,10
72,10
72,10
72,10
72,10
72,10
71,9
71,10
71,9
71,10
71,10
71,9
71,9
71,10
71,9
71,9
71,9
71,10
71,10
71,10
71,8
71,10
71,10
71,10
71,9
71,10
71,9
71,8
71,10
71,9
71,9
71,9
71,7
71,9
71,9
71,9
71,10
71,7
71,9
71,9
71,10
71,10
71,10
71,9
71,6
71,9
70,10
70,10
70,9
70,10
70,9
70,9
70,9
70,9
70,10
70,10
70,8
70,10
70,10
70,10
70,8
70,10
70,10
70,10
70,9
70,9
70,10
70,10
70,10
70,10
70,9
70,10
70,10
70,10
70,10
70,9
70,10
70,10
70,10
70,10
70,10
70,10
70,10
70,8
70,2
70,10
70,8
70,7
70,10
69,9
69,10
69,9
69,9
69,9
69,10
69,10
69,9
69,9
69,9
69,9
69,9
69,8
69,9
69,9
69,10
69,10
69,8
69,10
69,9
69,10
69,9
69,9
69,9
69,10
69,9
69,10
69,10
68,8
68,9
68,10
68,9
68,10
68,9
68,8
68,10
68,6
68,10
68,10
68,10
68,10
68,10
68,8
68,9
68,10
68,10
68,10
68,9
68,8
68,9
68,10
67,9
67,10
67,10
67,10
67,10
67,8
67,9
67,10
67,10
67,10
67,10
67,9
67,10
67,10
67,9
67,10
67,10
67,10
67,8
67,10
67,9
67,9
67,9
67,8
67,9
67,9
67,10
67,9
67,9
67,9
67,10
67,10
67,8
66,9
66,9
66,10
66,10
66,10
66,10
66,9
66,10
66,9
66,9
66,9
66,10
66,8
66,9
66,10
66,8
66,10
66,9
66,9
66,9
66,10
66,10
66,9
66,10
66,7
66,9
66,9
66,8
66,9
66,9
66,9
66,9
66,9
66,9
66,9
66,10
66,10
66,10
66,10
66,10
66,9
66,8
66,9
66,10
66,10
66,10
66,10
65,10
65,9
65,10
65,9
65,9
65,9
65,10
65,9
65,9
65,8
65,9
65,9
65,9
65,9
65,9
65,9
65,9
65,9
65,10
65,9
65,9
65,9
65,9
65,10
65,9
65,9
65,10
65,9
65,9
65,9
65,10
65,9
65,8
65,10
65,9
65,9
65,9
65,10
65,10
65,10
65,9
65,9
65,9
65,10
65,9
65,9
65,9
65,9
65,9
65,2
65,10
65,9
65,10
65,10
65,10
65,10
65,8
64,10
64,10
64,10
64,9
64,10
64,8
64,10
64,10
64,9
64,10
64,10
64,10
64,10
64,9
64,10
64,10
64,10
64,10
64,10
64,9
64,9
64,10
64,10
64,10
64,10
64,10
63,10
63,9
63,10
63,9
63,10
63,8
63,9
63,10
63,9
63,9
63,10
63,10
63,10
63,9
63,9
63,8
63,9
63,8
63,10
63,9
63,5
63,10
63,10
62,9
62,10
62,10
62,10
62,10
62,9
62,10
62,9
62,9
62,9
62,9
62,10
62,10
62,9
62,9
62,10
62,10
62,9
62,9
62,10
62,9
62,10
62,10
62,8
62,9
62,9
62,9
62,10
62,9
62,10
62,8
62,10
62,9
62,9
62,9
62,10
62,10
62,9
62,7
62,10
62,10
62,10
62,8
61,9
61,9
61,10
61,10
61,9
61,9
61,9
61,9
61,10
61,8
61,9
61,9
61,9
61,9
61,9
61,9
61,10
61,9
61,10
61,10
60,10
60,10
60,10
60,9
60,9
60,9
60,10
60,10
60,10
60,9
60,9
60,8
60,9
60,10
60,8
60,10
60,10
60,9
60,8
60,10
60,10
60,9
60,10
60,9
60,9
60,9
60,9
60,10
60,8
60,9
60,10
60,10
60,9
60,10
60,9
60,9
60,9
60,9
60,10
60,9
60,10
60,10
60,2
60,8
60,10
60,10
60,10
60,10
60,10
60,10
60,10
60,9
60,10
60,10
60,10
59,9
59,9
59,9
59,10
59,10
59,9
59,9
59,10
59,9
59,9
59,9
59,10
59,9
59,9
59,9
59,9
59,9
59,9
59,8
59,9
59,9
59,9
59,9
59,10
59,4
59,10
59,10
59,8
59,9
59,10
58,9
58,9
58,9
58,9
58,10
58,8
58,9
58,10
58,9
58,10
58,10
58,9
58,9
58,9
58,10
58,9
58,9
58,9
58,10
58,10
58,9
58,9
58,9
58,8
58,9
58,10
58,6
58,10
58,9
58,8
58,10
58,8
58,9
58,4
58,10
58,10
58,10
57,9
57,9
57,9
57,9
57,9
57,9
57,10
57,9
57,9
57,9
57,10
57,10
57,9
57,9
57,9
57,10
57,9
57,7
57,10
57,8
57,9
57,10
57,9
57,10
57,2
57,7
57,10
57,10
57,9
57,9
57,10
57,8
56,9
56,9
56,9
56,9
56,10
56,9
56,9
56,8
56,7
56,9
56,7
56,10
56,10
56,9
56,10
56,10
56,9
56,9
56,10
56,8
56,10
56,10
56,10
56,10
56,10
56,9
56,8
55,9
55,9
55,9
55,10
55,9
55,9
55,9
55,8
55,10
55,10
55,8
55,10
55,9
55,9
55,9
55,8
55,7
55,10
55,10
55,10
55,9
55,9
55,10
55,10
55,8
55,10
55,8
54,10
54,10
54,10
54,10
54,9
54,10
54,9
54,9
54,10
54,10
54,10
54,9
54,9
54,10
54,9
54,9
54,9
54,6
54,9
54,9
54,10
54,9
54,6
54,10
53,9
53,10
53,10
53,7
53,9
53,7
53,7
53,9
53,8
53,8
53,10
53,9
53,8
53,10
53,10
53,10
53,10
53,5
52,10
52,9
52,10
52,9
52,9
52,10
52,10
52,9
52,10
52,7
52,7
52,10
52,8
52,9
52,9
52,10
52,9
52,9
52,10
52,10
52,9
52,9
52,10
52,10
52,7
52,9
52,10
52,10
52,10
52,10
52,10
52,6
51,8
51,10
51,9
51,9
51,9
51,10
51,10
51,9
51,9
51,10
51,10
51,10
51,9
51,7
51,8
51,10
50,9
50,10
50,10
50,9
50,9
50,8
50,10
50,9
50,9
50,9
50,10
50,10
50,10
50,9
50,9
50,10
50,10
50,9
50,9
50,9
50,10
50,10
50,9
50,9
50,9
50,10
50,8
50,8
50,9
50,10
50,8
50,9
50,9
50,10
50,6
49,10
49,9
49,10
49,10
49,10
49,10
49,10
49,9
49,10
49,9
49,10
49,10
49,9
49,9
49,9
49,9
49,9
49,9
49,8
49,7
49,10
48,9
48,9
48,9
48,10
48,10
48,9
48,9
48,10
48,9
48,10
48,9
48,9
48,10
48,10
48,10
48,10
48,10
48,9
48,10
48,10
48,10
47,9
47,9
47,10
47,9
47,9
47,9
47,10
47,10
47,9
47,10
47,10
47,10
46,10
46,9
46,10
46,10
46,9
46,10
46,9
46,10
46,8
46,7
46,10
46,10
46,7
46,8
46,9
46,8
46,9
46,10
45,9
45,10
45,8
45,10
45,9
45,9
45,10
45,9
45,10
45,9
45,10
44,10
44,10
44,9
44,9
44,9
44,9
44,9
44,9
44,10
44,8
44,6
44,9
44,8
44,9
44,9
44,4
44,10
44,10
43,9
43,10
43,9
43,9
43,10
43,9
43,10
43,10
43,10
43,9
43,7
43,9
43,9
43,10
42,10
42,9
42,10
42,10
42,8
42,9
42,10
42,10
42,8
42,9
42,9
42,8
42,10
42,10
42,10
42,10
41,10
41,10
41,10
41,10
41,9
41,8
41,10
41,9
41,10
41,10
41,10
41,9
41,10
40,9
40,9
40,8
40,10
40,8
39,9
39,9
39,9
39,9
39,10
39,9
38,10
38,9
38,9
38,9
38,9
38,8
38,6
38,9
37,8
37,10
36,10
36,10
36,10
36,10
36,8
36,10
36,10
35,8
35,9
35,9
35,8
34,10
34,9
34,9
34,9
34,8
34,9
34,10
34,9
34,10
34,10
34,10
33,9
33,6
32,10
32,10
32,9
32,9
32,10
32,10
32,10
31,8
31,9
31,10
30,9
30,10
30,10
30,8
30,9
30,9
30,10
30,8
30,10
30,9
30,9
30,10
30,10
30,10
30,6
30,10
29,9
29,9
29,7
29,10
28,9
28,9
28,9
28,9
28,10
28,8
28,6
28,10
28,9
28,8
27,10
27,9
27,9
27,10
27,9
27,10
27,10
27,10
26,8
26,8
26,10
26,10
26,10
26,10
26,10
26,8
26,10
26,5
26,9
26,10
26,8
26,10
26,8
26,10
26,8
25,7
25,9
25,9
25,10
25,6
24,9
24,10
24,8
24,10
23,7
23,9
23,10
23,8
22,10
20,9
17,9
15,10
14,7
10,9
10,10
10,10
10,8
